2,"Adventure, Family, Fantasy"
3,Drama
4,"Adventure, Drama, Fantasy"
5,"Action, Adventure, History"
6,"Drama, Mystery, Thriller"
7,"Action, Thriller"
8,"Crime, Drama, Thriller"
9,"Adventure, Drama, History"
10,"Drama, Horror, Mystery"
11,"Action, Crime, History"
12,"Biography, Drama, History"
13,Drama
14,Horror
15,"Action, Biography, Drama"
16,"Mystery, Thriller"
17,Drama
18,"Crime, Drama, Thriller"
19,"Comedy, Drama, Romance"
20,"Crime, Drama, Romance"
21,"Comedy, Crime, Drama"
22,"Drama, Horror, Mystery"
23,"Comedy, Drama"
24,Drama
25,"Comedy, Drama"
26,"Comedy, Drama, Romance"
27,"Action, Adventure, Drama"
28,"Action, Adventure, Drama"
29,"Drama, History"
30,"Action, Sci-Fi, Thriller"
31,"Crime, Drama, Thriller"
32,"Horror, Thriller"
33,Drama
34,"Action, Thriller"
35,"Adventure, Comedy, Drama"
36,"Action, Thriller"
37,"Animation, Adventure, Family"
38,"Drama, Thriller, War"
39,"Drama, War"
40,"Adventure, Drama, Thriller"
41,"Action, Drama, Thriller"
42,"Biography, Drama, History"
43,"Action, Comedy, Crime"
44,Drama
45,"Crime, Drama, Mystery"
46,"Action, Comedy, Crime"
47,"Comedy, Crime, Drama"
48,"Drama, War"
49,"Comedy, Crime"
50,"Action, Drama, War"
51,Drama
